source_id,ra,dec,phot_g_mean_mag,bp_rp,parallax
3403817897691255424,83.55294651925482,21.995480456863525,19.5635,1.3524189,0.4206013035806209
3403768836280217216,83.61172062414614,21.917578659166594,18.603487,1.2814732,0.3989854154495782
3403768836283295488,83.60796897710537,21.921321391182595,17.27268,1.4183731,0.395236085914667
3403769038144199424,83.59395176365351,21.92698879061922,18.381607,1.0649624,0.36016894912068836
3403769042438649216,83.59773264277618,21.924461829765786,20.102207,1.3812981,0.4648502894766788
3403769106863678592,83.57801711116663,21.9303326936149,19.006968,1.7488136,1.5459600556836173
3403769106863679232,83.59295798593193,21.931944252947794,20.189413,1.4222012,0.49285451908126726
3403769106863679360,83.58210392183688,21.931973685094672,18.874695,1.3331337,0.40542324504768057
3403769111159562624,83.57614317535437,21.93483452965142,20.818184,0.8439274,0.12442133215891293
3403769519180528384,83.6425751325694,21.915001901582166,18.16017,1.216919,0.03658786645475562
3403769519180531456,83.65117349038314,21.919743362491044,19.72044,1.4570866,0.19054353323689804
3403769587900012672,83.68040250184461,21.925900939529082,17.429153,1.6102276,0.539598702453675
3403769587900013184,83.67767925776249,21.927794782913473,19.748095,1.7304707,0.12997939197782915
3403769587902248320,83.67891557548332,21.926725265167036,19.019306,2.2764378,0.7865751839161067
3403769592195054080,83.67890408924792,21.925790244490177,19.028948,1.2571793,0.2661323865021927
3403769622259745280,83.65704906172567,21.91768805996671,18.017527,1.2245693,0.477833677146914
3403769626554800000,83.66696287087774,21.922091027401862,19.893559,1.6743107,0.6783579041418396
3403769626554802048,83.65493075808232,21.925927844157435,20.069355,2.2027302,0.36487525666321785
3403769660917310336,83.67252506620369,21.9293257313305,16.337444,1.1891432,0.35354028222338607
3403769965857139584,83.69152610865818,21.934912875702636,19.34522,2.0719166,1.9745708839238307
3403769965857142144,83.68993098729776,21.939221227188327,18.303503,1.2542458,0.3469612516370537
3403770000215928704,83.70561535418503,21.94618563102868,13.365814,1.7488632,0.27747123878151136
3403770000216886016,83.6997121392717,21.949219376492703,18.852213,2.8117142,1.3280355718714556
3403770004511897216,83.70589087683284,21.941356383527538,17.64402,1.2725563,0.2354920820545284
3403770004512693888,83.70121125163118,21.940538302881087,20.330631,2.2638988,1.4584955531124988
3403770034576617088,83.68316779952204,21.935259697844025,18.333574,1.1971416,0.29489219929167787
3403770034576620032,83.68318954738508,21.941524872978277,17.837475,1.5140419,0.4544572334517582
3403770034576623104,83.69030618872412,21.94624600850584,15.720015,1.2436628,0.7542806976497047
3403770038871645440,83.68255206138109,21.936135940945352,19.99252,2.4355526,1.1556780934329414
3403770038872445312,83.68100729380558,21.940061152646667,20.0932,1.4914799,0.5912905645760661
3403770038874426752,83.67695967764818,21.946656031514177,15.021607,1.3586731,0.6591496630140729
3403770068935404928,83.69861345581566,21.95550868469391,14.859589,1.583148,0.30958298811102175
3403770068935421312,83.69502548046165,21.959016588772037,17.062508,1.2851524,0.20673908454140444
3403770073234158336,83.70000901548727,21.95598907685137,17.36032,1.2820301,0.5527943897849042
3403770103295153920,83.70862234347008,21.951765090851044,17.901823,1.6304455,0.4995204931241264
3403770103295155200,83.71359904697039,21.953327880386947,18.66368,2.1665134,1.168914603881606
3403770103295160960,83.71626358654962,21.96105446921491,16.696829,1.1639938,0.20643800108029114
3403770103296102016,83.71026882601596,21.951214832701982,20.167477,1.5540466,1.5321438292629108
3403770137654901888,83.72321753716348,21.96425475680039,16.9004,1.1177368,0.2716917349599685
3403770137654908544,83.72425929211911,21.970874554992232,17.830019,0.9695034,0.0199778596715998
3403770141951613696,83.72244564757094,21.962177931248473,20.605003,1.4316368,0.261303343802209
3403770141953628288,83.72371723118852,21.960608332254438,17.719946,1.4882088,0.7446349870486422
3403770172014636160,83.70823046418737,21.958955076938114,20.569721,1.922308,2.525778824168794
3403770172014642560,83.69987004844592,21.966096911277127,18.692568,1.2651024,0.2582435098010275
3403770172014644608,83.70798311871522,21.967964796613625,18.12721,1.1883583,0.36418207759866106
3403770172014645376,83.7004983126007,21.968793331541942,19.053307,1.3011875,0.5723419934452207
3403770176311360512,83.70074600164986,21.969483687126814,20.537493,1.4803696,0.4789925861424362
3403770206374386176,83.7131687517646,21.971215582748677,15.607851,1.1408672,0.5575404783049049
3403770206374392320,83.71618572826604,21.98216708064219,19.516453,1.5054989,0.7882906395399726
3403770206377539328,83.72098828332084,21.97365659450042,18.476212,1.4774647,0.06690371095837767
3403770210670300928,83.71996500363014,21.974024146885874,18.078861,1.2607098,0.39924215443035344
3403770210670304256,83.71440464614491,21.971147682112633,19.314987,1.8822956,0.5044919045515616
3403770210673102336,83.71314134560946,21.98000191622732,17.129112,1.1148415,0.5634195060369418
3403770210673104640,83.71599966201065,21.968308110935357,15.445601,1.2664528,0.9749479789954496
3403770210673104768,83.71371111533121,21.969109489231286,17.132563,1.3319302,0.6130225049473407
3403770245032872704,83.63227522139466,21.9194733023163,16.641169,1.1282854,0.41895269152978315
3403770275094772864,83.63752430429551,21.91524960801061,17.582212,1.5211773,0.4429862745754862
3403770275094775040,83.64257827553277,21.918124591059826,16.77006,1.2129936,0.4263430950964162
3403770275094775168,83.64092824145094,21.918529344070993,17.735388,1.4211292,0.6442557751496817
3403770275094779648,83.64050523917048,21.925736478515976,20.147045,1.2453957,1.3970190901105113
3403770279392607360,83.64718178455296,21.92133404747649,18.913748,2.910143,2.0695541410797262
3403770309454513664,83.61818554463746,21.918573659867896,18.372822,1.409586,0.679634234091849
3403770309454515712,83.61263312415225,21.921901846833023,20.066711,1.2341385,0.6382884740557098
3403770309454516608,83.62352844386389,21.92412429612641,18.791956,1.6094437,0.5341764401446185
3403770309454518528,83.62213332457827,21.926133797395075,18.688217,1.2650089,0.26291658734691953
3403770309454520448,83.61846251192742,21.92889803410813,17.802658,1.2444725,0.2736090197083609
3403770313750386432,83.61928555657391,21.931629280849542,20.397345,1.6621227,1.136125163727974
3403770313752353152,83.61685937498908,21.915669824112577,15.977612,1.2965002,0.8877372581175181
3403770343814259456,83.62796997505583,21.930582665548872,19.288738,1.345005,0.7170289910674578
3403770343814260864,83.6240767154502,21.932746798814104,19.44804,2.0839481,0.895270144240803
3403770343814264320,83.624984247373,21.938974963839186,19.753876,1.6833668,0.17193131582269616
3403770348111773568,83.62796283685879,21.94090200620758,17.18927,1.1235619,0.463039174905275
3403770378173996544,83.64663078128658,21.92803331381138,16.422905,0.8070669,0.3511995708995936
3403770378173998336,83.65503919951577,21.931364451724097,19.224249,1.3129063,0.2554587814450918
3403770378174001152,83.64410518615477,21.936393637954566,19.699081,1.3855,0.5296099558917456
3403770382471817728,83.65420190598431,21.93689883483107,19.365818,1.7745266,0.6881532458149912
3403770412533741824,83.66383476767055,21.941019167191584,17.015871,1.4805908,0.5439917304798914
3403770412533743616,83.6519675239353,21.943096122330147,17.109583,1.2283726,0.06455274754704617
3403770412535968640,83.66912636797524,21.946260293154147,17.131855,1.0125675,0.25008339837217425
3403770416828777344,83.65902863751063,21.93987248859753,20.40831,1.7730427,0.27798701330343
3403770416829574912,83.6600153130237,21.942002572793033,20.399351,1.8927593,0.53529878479587
3403770416831550336,83.6682851399378,21.946502596405807,16.498495,0.74897385,0.16201075412269644
3403770446893481472,83.63152903447778,21.942466619801632,16.647583,1.6603165,0.13023794665431038
3403770451188524160,83.6350307167272,21.940406162064324,18.048048,0.91555977,0.01752706539848225
3403770451189321984,83.64297796649387,21.941283380525306,20.455366,2.6518955,1.7600844539162968
3403770451191296256,83.64076451294534,21.94098899627004,17.888796,1.285923,0.12808652883498584
3403770451191297152,83.6347744133541,21.939611295490025,15.309562,1.1600418,0.7301841503254102
3403770481252275840,83.65503585673416,21.951445960501015,19.728565,1.447834,0.17595102732660983
3403770481252276864,83.65564383656279,21.953469179750932,20.428501,1.0399246,1.021504840584391
3403770481252276992,83.65153578243344,21.95292215798851,17.162678,1.2047386,0.34266508485165614
3403770481252280448,83.64606689838303,21.95756979580018,17.055624,2.7282848,4.920109107867634
3403770481253223296,83.65260540575456,21.948656663457403,19.57186,1.2664852,0.22253822387774247
3403770481253223552,83.64712887305244,21.94921026657773,19.502375,1.735796,0.7012174964673816
3403770481253224320,83.65008339613682,21.94956914235392,19.01747,1.1153221,0.3893114495465055
3403770485548250368,83.65240123028147,21.950530413312382,20.326534,2.0011635,0.38334182576062276
3403770485548251776,83.64935556177616,21.95017335377094,19.170328,2.545803,1.4499968186261731
3403770515612948864,83.60578376507283,21.924993111441147,16.239878,1.2607269,0.3693268546732887
3403770515612953088,83.61378408303753,21.932425735819045,15.934476,1.1874437,0.5398674719868556
3403770515612955520,83.60389898598007,21.937500589136683,17.541712,1.05439,0.3104266773863776
3403770519908822784,83.60876700622241,21.930272305110325,20.461067,1.4739628,0.4506747681397406
3403770519910473856,83.60845705525425,21.928502325981285,15.663396,2.4733524,5.207961037105631
3403770519910474752,83.60156633962173,21.929733606398557,15.396026,1.1153078,0.735004839608346
3403770549972694272,83.62086065455749,21.938378603018094,18.441113,1.1378422,0.1529486243300078
3403770549972697216,83.62201777837448,21.943971544791022,19.581446,2.3814373,0.6825032896152501
3403770549974918912,83.61910676767309,21.93637777061165,20.389488,2.0992088,1.0736136208259985
3403770554270204800,83.61656033344487,21.946785033328684,17.368443,1.3382034,0.20159110562710733
3403770584332436864,83.5878604866163,21.945397880631408,18.635843,2.8892746,2.4789511080643885
3403770584332437760,83.60019819418272,21.947515275906486,19.014189,1.2231312,0.7635140059428112
3403770584332462848,83.59108714137707,21.949740639260543,19.906736,1.3500633,0.04091878867170233
3403770588628294272,83.59796909074265,21.94388722344841,20.691902,1.317728,1.7151124507843702
3403770588628299904,83.58999956039945,21.94115954978479,20.267565,2.2435246,1.1643045656358098
3403770588629948288,83.59340607415174,21.949877758295692,18.855988,1.6743317,0.4872580630052592
3403770618691229184,83.60880404075507,21.951447315170192,18.871859,1.8555584,0.6367345964243135
3403770618691230592,83.6113802358963,21.95362489020261,20.29622,2.138258,1.4921808660261553
3403770618691230848,83.60445472071667,21.95215777953256,18.016914,1.3293667,0.35104565957337314
3403770618691230976,83.60556328534919,21.95360856023465,18.890848,1.2177277,0.35220277721100385
3403770618691232896,83.60050891005922,21.95594842014553,19.699276,1.2340851,0.2745514668949264
3403770618691237248,83.60717461835229,21.960290813272373,18.274017,1.354248,0.43901873121924584
3403770622988015744,83.60525543525874,21.963370467787023,20.75336,2.333252,1.5299055370103085
3403770622989679872,83.60827024336298,21.961743066148976,15.969584,1.0183077,0.22428281488744886
3403770622989680768,83.60604901071274,21.95820951826511,17.295412,1.1457462,0.23236453255286432
3403770622989683200,83.60052293212429,21.953703380799848,17.356934,1.1465225,0.15484633740396658
3403770653050967424,83.63304613328225,21.95203126868367,20.08146,1.3743591,1.436669478051226
3403770653050968064,83.62368435685359,21.952838635239534,18.302118,1.1195278,0.3104163092433806
3403770653050969600,83.6315385501537,21.953925005915575,18.39193,1.3266582,0.35954221441423795
3403770653050970880,83.63604200722175,21.9546912063434,17.222813,1.1388721,0.3270213383703866
3403770653050971136,83.63375524376123,21.955685018592764,20.151201,1.1917915,1.1514213160042956
3403770653051916288,83.62284698075929,21.95028981113862,18.416428,1.8413944,0.38703493812353623
3403770657349415808,83.6224091701707,21.957757004345723,14.0529995,1.1476231,1.543680447387288
3403770687410718464,83.63825142366727,21.96720434161294,20.53385,1.7228775,1.39948263414048
3403770687416603264,83.63459733681626,21.964035928264526,20.41647,1.7407837,0.7044947836074347
3403770691707480704,83.63586279187935,21.960661994597682,20.457594,1.6351471,0.7785238957623098
3403770691709149952,83.63316466544826,21.96519119943031,16.650528,1.527442,0.38903031674705213
3403770691709456512,83.64310756151633,21.96994953840163,17.441294,1.4431057,0.5305231197215704
3403770721770453504,83.61183392608855,21.96311041009033,16.070787,1.3471317,1.003057246035877
3403770726068889600,83.6241829109048,21.966693936797675,18.715178,1.3074112,0.08224537722084721
3403770726068894720,83.61749290765538,21.954487765504872,17.660566,1.2227116,0.14083022497764394
3403770756130201088,83.62304781402203,21.973722620799236,20.417917,2.0009747,0.4669808042060252
3403770756130202624,83.62129579913294,21.97470418794226,19.113523,1.5562115,0.19748473684613005
3403770790489920640,83.67099982504243,21.9508724037757,18.020689,1.3270321,0.25269264147990617
3403770790489921408,83.67863159855065,21.95234472419893,19.518858,2.3584995,1.1520474901600801
3403770794785883648,83.67504385019696,21.95636796682121,19.945635,2.2254086,0.519297668782104
3403770794785888640,83.66766258526721,21.950659281799783,20.061728,2.1321945,1.4530493738702612
3403770794786673152,83.67180528890825,21.96354167792578,20.619942,1.6533356,1.6479415449530128
3403770794786686592,83.6717732809787,21.94873634433891,20.48789,1.2392464,0.09360765365574715
3403770794786688128,83.6621969724174,21.95407440304409,20.698032,0.70541954,1.8765999674434077
3403770824849666432,83.68494654715039,21.960662172415397,18.239822,1.5214863,0.4613761262208244
3403770824849675520,83.67904042643427,21.970032699106806,15.93123,1.286562,0.45912302047320025
3403770829148405632,83.68229007362886,21.9612641891107,17.343443,0.86068535,0.36945019442327875
3403770859209408000,83.6678402768341,21.964898909642027,17.2874,1.4814587,0.5123438314545141
3403770859209408128,83.66598708534671,21.96347490670682,17.918516,1.5046101,0.6625105947114275
3403770863506155136,83.66076334933685,21.963976032957483,20.509897,1.721138,0.5226940315610877
3403770893569147264,83.67333826777963,21.965545167405807,19.0567,1.391779,0.22575192474765587
3403770893569148928,83.67485862710495,21.966999896738233,19.461609,1.4451313,0.22076677705390846
3403770897865879680,83.66971849247312,21.97623566191476,20.370073,1.3651066,0.8879723857818306
3403770962288638464,83.70503039573842,21.985018129514483,17.80767,1.5717525,0.42635422312217597
3403770962288640640,83.70722225699527,21.98776469762105,20.096504,2.028101,0.5375131601522637
3403770897867880576,83.67442363592696,21.973403298144927,15.882726,1.093915,0.8458212332127794
3403770897867881984,83.67000932926912,21.97353930495355,17.233273,1.238739,0.1596615333323419
3403770927928891392,83.69374325571944,21.96926578491194,18.819183,1.4598732,0.3443853586669173
3403770927928891520,83.69354640428251,21.971219974537515,18.974228,1.4563637,0.6564047799814557
3403770927928892288,83.68922922638376,21.97269589677609,18.306097,1.24477,0.43266554877255725
3403770927928892672,83.68644067887656,21.970809921011206,15.55012,1.1842003,0.728148776471788
3403770927928893440,83.68329552081073,21.97428807848592,20.416979,1.5934792,1.3864168949723543
3403770927928895616,83.70259588044962,21.975436267791085,17.9912,1.2698936,0.42933968264090994
3403770932227615232,83.69152923577364,21.970060599253983,17.123096,1.3256607,0.6201931676623438
3403770932227615616,83.68671876460772,21.973314818459937,17.584782,1.2224922,0.11432495229924444
3403770962288642816,83.70322081542882,21.991623752103422,19.521036,2.7646751,1.49716690943615
3403770962288642944,83.7056236965056,21.992277768264422,18.456036,1.1037521,0.06331463716658678
3403770966584545536,83.69891800509876,21.988655699589774,19.690657,1.2055359,0.5487190163984264
3403770996649302016,83.6839284507088,21.980499639893566,18.375034,1.2567158,0.10770471970231069
3403770996649344512,83.68208237473033,21.97796428535541,19.39377,1.3620453,0.6124950627050858
3403771000945074176,83.6883272084583,21.98273778269871,20.426365,1.6888084,1.3496543200759064
3403771000947089280,83.68351201460781,21.98790933929117,17.058367,1.1253757,0.16634384060475077
3403771000947092224,83.67931154050949,21.97952150045702,17.912199,1.686697,0.9682285101141125
3403771065367839744,83.64797284170112,21.96638270951101,19.337101,1.8744183,0.37838229708633697
3403771065368821888,83.65088152103932,21.97981406768146,19.768463,2.739584,3.5459935419720834
3403771104022905088,83.65625727271906,21.985007477750727,20.037058,1.8458672,0.13078427405171142
3403771104022906752,83.65166511201605,21.985487723260853,19.53313,0.79906464,0.8243339615888396
3403771104022907264,83.65071684315897,21.984359035198086,19.685205,1.2672863,0.19520520342575828
3403771104026002432,83.65488131333896,21.986662135655138,15.461677,1.0423956,0.3922995181657999
3403771104026003840,83.65183659166755,21.98461381112692,15.852037,1.3076229,0.6975346139508151
3403771104026003968,83.66111310001922,21.975976008008622,17.468307,1.3952217,0.27778327976089234
3403771138382648704,83.64254791232962,21.986123504013364,18.147245,1.4491997,0.5837467310919817
3403771138382649088,83.63762589174347,21.98934735727535,19.311974,1.4124851,0.21339682710240543
3403771138382651264,83.63946084304321,21.981783010511613,19.046392,1.5697918,0.09392913642929801
3403771168450211456,83.64319491523605,21.997553209656168,19.5338,1.3534012,1.0865200397968098
3403771168450211840,83.65249962226456,21.987930847779165,18.301746,1.3284855,0.05834417741221312
3403771172742382464,83.6436880259931,21.993938184976695,19.699255,1.8375645,0.7898403372220111
3403771172742383872,83.64450616448069,21.98993616117988,17.130291,1.2720032,0.15035353005400537
3403771172745479680,83.64249670791096,21.99497142591387,16.87815,1.7552395,0.8616964748701985
3403771202809951232,83.66996498476607,21.9973487466994,18.527147,1.4675884,0.5979577937167188
3403771207102108800,83.66855011171641,21.994399513805003,18.248398,1.1817112,0.9164766111708047
3403771207102109312,83.67483089255184,21.98842359935294,18.913649,1.1434307,0.4882261464694245
3403771207105212672,83.66797864614367,21.994006106131458,15.369291,0.9045887,0.34480196716614897
3403771237166555264,83.69123667867079,22.00317274303474,19.714027,1.2279644,0.9876756292364084
3403771241461835904,83.68034582018352,22.006262302786908,19.465612,1.548254,0.37413139644177373
3403771241461838720,83.67879224009714,22.002844774139458,19.770943,1.4572296,1.208844162740475
3403771241463221248,83.6825927464814,22.013525157441816,20.480415,1.5833645,0.20941678210055018
3403771241464944000,83.68957937646589,22.00151210004965,16.3224,1.3904123,0.7597632218616888
3403771241464947584,83.68279766084832,21.99811757596099,15.3313055,1.1053162,0.4374562300414957
3403771271529449088,83.6634056318134,22.003905976648205,18.398884,1.6510544,1.4356943190892446
3403771271529449472,83.66422801968058,22.004931800211057,17.94969,1.1813183,0.44933889731696774
3403771271529449600,83.66524259289731,22.003889773745527,18.41893,1.2598705,0.46778177211013927
3403771271529449728,83.66539552111487,22.007401648246432,18.325935,1.6090202,0.33036484131745925
3403771275821581184,83.66381314196057,22.0093083312776,18.33062,1.2910919,0.19014167321984715
3403771275824687488,83.66378875535307,22.00845306073316,17.003761,1.2720451,0.2736043938067436
3403771275824689024,83.65312358762777,22.006952188720987,18.03029,1.3534985,0.021187856830696628
3403771275824690304,83.65652195975127,22.000262528821377,15.572786,1.2183065,1.2576837541588344
3403771305886975616,83.67911693717033,22.012092608879716,18.504442,1.562067,0.32562323439191815
3403771310184419712,83.66910754683448,22.021507128817678,15.218268,1.5716648,2.4623233961235935
3403771310184422528,83.66754259509128,22.01588659316809,16.75215,1.2254124,0.5042848139274523
3403793605356217984,83.73105268902,21.972989430483896,18.585434,1.4729404,0.3664146362688076
3403793674075700096,83.7217541953381,21.985693951685587,18.830706,1.0449924,0.1864974335024542
3403793674075700480,83.72494183751331,21.985578520942465,17.534384,1.3598251,0.7394140281180286
3403793674075700736,83.71930352511026,21.986668780426882,20.284437,1.1522846,0.7695182816591063
3403793678374403072,83.73230288216858,21.98309033357382,17.620611,1.2232876,0.24864354640435357
3403793678374404480,83.72855560997347,21.97857388761893,16.03953,1.2029123,0.6332048280101028
3403793708435439488,83.73556520651105,21.98668613840168,19.239748,2.3081894,0.5419163313887186
3403793708435441536,83.73334506255219,21.989319937931803,19.390835,1.3048,0.750989950423212
3403793708435446400,83.7350732274089,21.999950039917568,19.857246,1.5165653,1.2314829007488026
3403793712731325696,83.73773624797991,21.997948496080383,19.497717,1.4813919,0.18643421505219465
3403793712731327488,83.73667446791042,21.995520792817814,20.148695,2.0338058,0.9869590312273218
3403793712732107776,83.73598811258611,21.986291095675682,20.361618,1.2224865,2.442297072394567
3403794464349645056,83.73120611887283,22.003146952010407,12.852906,1.4863634,0.42476710240933546
3403794429989944960,83.71599763788873,21.986077452901974,17.413805,1.2490921,0.4658595293769207
3403794429989950464,83.72088732137954,21.99494653670261,17.418217,1.3414059,0.4430635421737838
3403794429989950592,83.71759864851094,21.995746940946226,20.042828,1.8427792,0.2544922249383983
3403794434286620544,83.71398115952624,21.991675214226905,20.58646,1.5788612,2.0342658538530394
3403794464349691776,83.71800075587548,22.002599694250733,19.30178,1.8301487,0.3655841490212337
3403794498709430272,83.7057584570714,22.00220625658372,16.91944,1.0487137,0.16871272104747498
3403794498709431552,83.69735623891954,22.00372708867486,18.324102,1.5871754,0.2568473265840301
3403794498709431680,83.69758154052083,22.00527281156461,19.644554,1.5449486,1.5070619413839113
3403794498709432192,83.70761032386069,22.005668064560794,18.621243,1.2301884,0.5076354776156834
3403794498709433088,83.69969594221769,22.008398955255057,20.675747,1.1533642,0.5356749911125667
3403794503006086656,83.70794450156181,22.009396643899848,20.099466,1.3269424,3.5220123196514455
3403794503008122752,83.70663717768065,22.011307708751303,18.08619,1.3351631,0.326399040593097
3403794533069171840,83.71827259018362,22.008557300134754,17.977488,1.0989056,0.6356215174569616
3403794533069172352,83.72084195314449,22.01037509508863,19.980778,1.4642811,0.10484003056340944
3403794533069177856,83.71292271101748,22.01855366582758,20.149225,1.9239864,0.4410440737088628
3403794537365815936,83.72127325689016,22.01601966592643,20.091518,1.5449295,0.12265189438192686
3403794537365821312,83.71071508259281,22.012462422910808,20.057217,2.5449429,3.376870050738712
3403794537367856128,83.71626739930515,22.020218552676983,17.354246,1.1495819,0.14832186032924266
3403794567428909440,83.73541809082064,22.006697681666033,17.712864,1.4492416,0.6589944134972664
3403794567428912000,83.7389284500255,22.012231499752538,18.19906,1.1660061,0.3797316822763497
3403794567428914304,83.73808928300618,22.01592513460235,15.504459,1.1287537,0.4572278280875581
3403794571724776704,83.73974027275467,22.01152091037578,18.857702,2.546156,1.5712369187406878
3403794571725546496,83.73668130662455,22.019849454413855,20.443085,1.7856598,3.966311461011246
3403794571726271744,83.7398859446619,22.012787905823668,19.921062,1.7928638,0.2934232856612812
3403794636148396672,83.72098705328209,22.023530708511117,20.23362,1.3951759,0.5736586212521236
3403794636148399360,83.72004751225859,22.02767386723295,16.154116,1.5791836,0.1416684687249844
3403794636148400384,83.72213576975327,22.029646045574296,19.76609,1.379633,0.8203491424513558
3403794670508138496,83.73615121863604,22.02987890083819,17.308886,1.335556,0.305110519908601
3403794670508138624,83.73786136405485,22.029620108644966,18.578173,1.2205639,0.2258708968362795
3403794670508139776,83.73188794437836,22.03126824276029,18.311714,1.2093315,0.3941737183599243
3403794670508141568,83.72842078233157,22.033318839108876,18.56714,1.496952,0.5397698917906875
3403794674806800768,83.73298872145232,22.036318101594144,19.058064,1.756279,0.17568781270321415
3403794704867864960,83.69680266602504,22.01168697819985,18.428062,1.2676678,0.8042356475739362
3403794739227608192,83.70343551306294,22.018302771739982,17.627228,1.5731831,0.7789969660230533
3403794739227611520,83.71305974428266,22.023419132439507,19.902935,1.7810783,0.24485969078489642
3403794739227612800,83.70542951890037,22.02481250296219,17.228628,1.3074646,0.4294713079873363
3403794739227614848,83.70052476684896,22.02900384277311,19.685541,1.4505138,0.04212999030079748
3403794743523479040,83.70309135301245,22.02292726129075,19.830902,1.1504059,0.3928899484969427
3403794743524249088,83.69978657129523,22.0234199889636,20.210121,1.4408951,0.9060782765313543
3403794743525975552,83.70800132304838,22.021911583030867,17.329418,1.1116428,0.28458693209147834
3403794773587350784,83.6842793501887,22.024091413545765,20.02997,1.3251,0.6478937662324996
3403794773587353984,83.6828193689458,22.029970726811076,19.116472,1.5779037,0.2541124737557088
3403794773588253824,83.68498550957229,22.01902752748177,17.415625,1.179285,0.19340635738169204
3403794777882610176,83.68268787369453,22.01564844005889,19.997868,1.2145424,0.294642528645311
3403794777885721600,83.68257345197863,22.02174773949777,15.352624,1.5114517,0.2304669305915209
3403794777885723136,83.67831040425321,22.019078004602054,17.973833,1.2636948,0.3861057404445127
3403794807947092608,83.69290670978269,22.030767644249554,18.44952,1.5190659,0.14741157922996934
3403794807947096320,83.69860694086108,22.034715225513974,18.913458,1.4013615,0.017024265090267998
3403794807947096832,83.6870553114694,22.035582484379148,19.637493,2.3516045,0.540003140212068
3403794807947099648,83.69828677979675,22.03857592049899,14.898445,1.1084299,0.43757918920031835
3403794807951084544,83.69400717271759,22.033874826172593,19.75958,1.8225117,1.1452551629157888
3403794812243722240,83.69548927707825,22.034493031227637,20.289679,1.5803108,0.3102537705608767
3403794812245451392,83.69254745135859,22.036757158655703,17.194988,1.380333,0.32581936459876226
3403794812245452800,83.6927672293941,22.033940894010485,18.884117,1.697422,0.6122231425890722
3403794812246017408,83.68990824899194,22.030796589528443,20.5126,1.4747086,0.11635044013525378
3403794842306828672,83.71371930952837,22.027086280468325,17.22298,1.675375,0.7793708122699826
3403794842306832000,83.70775612660083,22.032006499391482,19.716354,1.7597046,0.2865231682653467
3403794842306833536,83.71901571051714,22.033302661171383,19.153595,2.052845,0.6359711720793777
3403794842306837504,83.71136781554253,22.037833681192726,18.151608,1.9249191,0.8936388977506696
3403794846602676864,83.71776710300831,22.042620204588584,20.402687,1.2770157,0.1352851456306069
3403794846603448576,83.72381958850953,22.03546208562703,20.316591,1.4471607,0.5722829257796529
3403794846605182720,83.71992194488621,22.04063085391945,15.454474,1.2555971,1.1026525149748854
3403794846605183104,83.72130009035486,22.03863180564065,15.751457,1.4359131,1.4556751064425422
3403794876666577536,83.72768865790135,22.04101209153034,20.09577,1.4588223,0.6756734341013029
3403794876666580352,83.72293419907103,22.044049577270847,17.779408,1.486702,0.4103700227637913
3403794876666581248,83.72538781595672,22.045882324040086,20.219637,1.5305691,1.051244841133749
3403794876670653568,83.7248235479572,22.036743496440845,19.073492,2.385275,0.38971696411266576
3403794880961793408,83.726966269291,22.0514181317798,19.897362,2.4160614,0.8551944736679158
3403794911026319744,83.70450989503871,22.045901353696486,20.122236,1.3435802,1.6388660343829289
3403794911026320128,83.70339475940602,22.04701074685168,20.330557,1.2241898,1.300149443261764
3403794911026323968,83.7080933182166,22.050671093203114,17.206947,1.2031708,0.3530765785981918
3403794915324662400,83.69748655637842,22.047132486485598,18.211681,1.3494778,0.2697013697396348
3403794915324662528,83.69854476941157,22.04603544411351,17.725819,1.7295952,1.1807921349870802
3403794915324663936,83.70414091149325,22.036156559690657,17.31466,1.2459679,0.16889918940159715
3403794945386059776,83.71261359474289,22.048532242840125,19.53788,1.6175938,0.4911652329299292
3403794945386064128,83.7195369854742,22.052327221894522,20.342663,1.5312767,0.2572630345644358
3403794945390126336,83.72365267727274,22.056297053769566,18.80177,1.3079853,0.5955549372688413
3403794949684393216,83.71537221520428,22.0628980579409,19.010162,1.5511475,0.1416128591481084
3403794949684393856,83.72157548428642,22.05552703290926,13.794782,1.0084867,1.42458391404652
3403795258920290816,83.7289950657097,22.05386109927755,20.223572,2.1674786,2.7005948796459323
3403795323343194496,83.71959614677999,22.06206018119065,19.034357,1.6668549,0.31711655456366394
3403795323343197312,83.71659289672024,22.06390403927709,17.889418,1.3721619,0.3131050301305515
3403795323343198208,83.72470869339534,22.0643454358347,17.074942,1.2743397,0.3791690014857239
3403795323343200128,83.72225796099852,22.066142168294817,17.873829,1.2892208,0.12321095512591074
3403816007906555008,83.56440087085198,21.937548173766604,17.500965,1.5961399,0.25013077915872217
3403816012202438784,83.5707945038591,21.933245324682044,20.596045,1.2390976,0.2396309356626638
3403816042266296576,83.57425623519873,21.943081035802518,17.796545,1.0989685,0.20483906166992652
3403816042266297088,83.56901513902979,21.944338787324625,20.589592,1.68647,0.8331072250083754
3403816042266299392,83.57538602311179,21.947819064727028,16.927807,1.2457142,0.16289375504839376
3403816046560733952,83.57929930171952,21.946035177832375,20.027124,1.6367397,2.449739199606226
3403816046562161024,83.57438585966057,21.951118368006533,20.67138,0.9805603,0.08280529205604148
3403816046563814400,83.56847383343516,21.947538294749336,15.133259,1.2246313,0.5312408020725836
3403816110984833664,83.5666325749908,21.95767706950883,16.962727,1.821331,0.059326249217338645
3403816110984833792,83.5616753749958,21.958066303063706,17.865541,1.2051315,0.1118048161814679
3403816110984837888,83.56281342592183,21.963198128729776,18.661448,1.3401241,0.026434781190481153
3403816110986937344,83.5556653667043,21.954799157307452,17.451496,1.1274796,0.17322972594881075
3403816110987993856,83.56661091202521,21.94823357424928,19.20542,1.9969196,0.45900111062840765
3403816110990723072,83.55849923804193,21.947462625254076,20.518717,1.4177399,0.1885548008660896
3403816115280213504,83.56713357119011,21.949085908857885,19.99838,1.3969841,0.5867272846567467
3403816115281635968,83.56168150991206,21.962269268119904,20.300692,1.3612518,0.6844719580508418
3403816115283291008,83.55876075700213,21.957357490425295,16.115923,1.2426586,0.5881247066755695
3403816287078908160,83.54537467389002,21.957805391035095,16.219765,1.3064356,0.41074032634964236
3403816321438639744,83.56051449302394,21.96338278664255,17.914864,1.2282562,0.02003393511532738
3403816321440073984,83.54722645633461,21.961061070274653,20.529951,1.6440678,1.3554836453725092
3403816321441719680,83.55949514361433,21.963218708042337,15.695512,1.280014,0.4610853596015595
3403816321442782464,83.55426293608372,21.96573591817927,17.25482,1.7894268,0.10373655665819888
3403816385864861696,83.53865697933954,21.966494203610523,19.09482,1.8075123,0.01725768026253898
3403816385864876928,83.54353288442393,21.975042160690293,18.849537,1.4595737,0.17901472951147968
3403816385864883328,83.53637543759697,21.97828453768223,19.272081,2.1676216,0.18693986018147662
3403816390159543168,83.53957654591474,21.97628910812499,20.371052,1.9286308,1.7199512468031743
3403816390161197696,83.54427227243364,21.971135241132238,13.644285,1.4785271,0.7462911165668339
3403817141779134464,83.53680376117113,21.98289604032609,17.776628,1.358221,0.5650691616747757
3403817141779148544,83.52988304065191,21.991439199378043,20.128485,1.1513424,0.39712661497728546
3403817146073785344,83.5336537056757,21.983126648750005,20.40558,1.6466789,0.7056186315864416
3403817519734107392,83.58188329503892,21.95907401302427,18.808546,1.2902489,0.1594046802948607
3403817524029475456,83.5911046878625,21.952851597953327,19.048727,1.2471542,0.6153910335477304
3403817524029477632,83.58490646628388,21.953922019107605,19.601564,2.3727074,1.651441932903693
3403817524032558464,83.59264211304651,21.95202599604148,13.912452,0.9382334,1.0604875059477377
3403817524032558592,83.58659119350979,21.95630916529049,14.026565,1.0899858,0.5076317029377688
3403817524032559872,83.58386764772096,21.954202473064328,17.26197,1.2784901,0.26741262382195924
3403817554093846272,83.5890283279406,21.9601908238077,17.15623,1.312706,0.6169867311568089
3403817554093852800,83.602122119373,21.967374784791353,20.115065,1.573391,0.34244771218178316
3403817554093855744,83.59492942696896,21.969851475520766,18.034245,1.3174496,0.429263958245541
3403817554097005696,83.59308615092384,21.971789348530855,18.956419,2.1644459,1.0034427782365123
3403817558390627072,83.60052017523797,21.965723089710295,20.687075,1.8160343,1.6887549011231113
3403817558392292352,83.59901812513628,21.961395096304216,16.109966,1.1307678,0.29131065528826167
3403817588453584896,83.57093952128997,21.960740303459787,18.713242,1.4036083,0.456877852179427
3403817588453589760,83.57863063547133,21.9655128993028,18.675518,1.5887699,0.024390951166314245
3403817622813328000,83.58239205435613,21.965662756545772,17.7773,1.3673611,0.03577717076921122
3403817622813329664,83.58366694739367,21.96759762382824,19.742907,2.2311096,0.9442920306238085
3403817622813333760,83.57706183441,21.971372226931862,17.718609,1.3988152,0.3294484536852204
3403817622813335296,83.58535456384567,21.973894697670648,19.48173,2.1657677,0.44015799110152637
3403817627110103936,83.58987356598793,21.972184478685005,20.805595,1.6762543,2.5424583707201776
3403817627111767424,83.59385838262757,21.973413371663625,13.561251,1.1392756,2.3402572773134507
3403817657173071232,83.6028962682792,21.970514814667556,17.939394,1.9082718,1.2148474046393778
3403817657173073536,83.6039731231548,21.973546372262188,18.740961,2.5604057,2.197430107103553
3403817661468412800,83.61246700950407,21.97421543563845,19.140757,1.4124165,0.07828670311468716
3403817661468417664,83.59761695016486,21.975002436521073,19.466694,2.603899,1.6480873240087919
3403817661469829888,83.61177006662626,21.976293278723002,20.85269,1.687706,1.3296379952421549
3403817661471500416,83.61368056017255,21.975178076391657,14.130953,0.8074074,0.511237109911197
3403817661471503360,83.60784270265698,21.969210668369993,16.93341,1.1869965,0.3721620066685304
3403817661472744704,83.60493427921493,21.96612113399613,20.257212,1.7818489,0.749588441229998
3403817691532782208,83.62536795276831,21.982745699900185,13.635158,1.1149626,1.4747159784186963
3403817691533744000,83.61739598107644,21.978588396534047,16.313034,1.2442589,0.3761190100839925
3403817691533769600,83.6187123336527,21.98299166696022,17.972944,1.2285767,0.2472016049714079
3403817691533769728,83.61800503334635,21.981796387979255,18.976608,2.1958923,0.8340243978505133
3403817691533770496,83.60800069437484,21.984643247067844,17.50956,1.2557793,0.29676017910358987
3403817691533788032,83.61526298570872,21.986224523825918,18.13732,1.1216564,0.12760082448135668
3403817695828145792,83.61210636391459,21.984994338924274,20.02682,1.7182732,2.1096364709376663
3403817695828146048,83.62059073138909,21.97761931376025,19.624744,2.397522,0.8667618364659648
3403817897691248640,83.56089168842834,21.985140578112514,19.09849,1.8681202,0.45687961853633696
3403817695831235712,83.6131743227879,21.990217723362672,16.349852,1.0396729,0.32327345644935684
3403817725892552960,83.59761086858775,21.97691478242501,20.218122,1.5471458,0.3479537278551046
3403817725893508224,83.59623741260648,21.98394675961578,19.0092,2.0133057,0.39585955061963873
3403817730187888896,83.59341996180409,21.992064747250282,19.685928,2.1255627,0.2603878888808219
3403817730190979200,83.59174011802736,21.98451875517481,15.978445,1.1914692,0.6789467104129592
3403817730190980992,83.59255576110257,21.98011546528234,17.034672,1.6700783,1.3035414763579634
3403817760253246976,83.60558954145091,21.986658722555095,16.971008,1.6964207,0.1516750996613313
3403817760255436160,83.6094206750599,21.99640036440388,17.424494,1.5739193,0.8780143872935097
3403817764547619456,83.60662717574628,22.000426046913965,19.539309,1.1933498,0.03316816220461771
3403817764549029120,83.6051074275179,21.99864455719018,20.244457,1.2350807,0.1459042527000674
3403817764549029632,83.60638324726446,21.9974010193847,20.39705,1.4792843,0.6998023551005422
3403817764549037056,83.60589272408104,21.990945584124425,20.531311,1.0049019,1.316549389748345
3403817794612019328,83.56369825520434,21.965678140691683,19.584183,1.5238914,0.3628938624560943
3403817794612029312,83.5640515521713,21.975060885597856,17.680143,1.6199722,0.9331225996497162
3403817794617904000,83.56532157197312,21.9753850281799,19.942106,1.7767658,0.46767270149284884
3403817798907378688,83.56458034771063,21.981441140515226,19.832891,1.7270756,2.639127967081933
3403817798907381504,83.56727316655146,21.97555804552371,19.911404,2.3472023,0.990800208868671
3403817798908811264,83.55370319827279,21.973992406691934,20.633146,1.0683937,0.9127943727357102
3403817828971770240,83.56891785381077,21.981839051276065,18.709139,1.2894897,0.34011872279518374
3403817828971770496,83.56414367644125,21.98225541064411,17.502241,1.3968029,0.3082837335252841
3403817828971772544,83.58016659463317,21.98563905805785,19.187313,1.3623085,0.6963077703814852
3403817863331507840,83.55665919186444,21.980160625751804,17.786497,1.3369846,0.11088491044185113
3403817863331509504,83.55958785000182,21.98289279201652,17.627491,1.3920803,0.14022957921780743
3403817863333643264,83.54430490834339,21.985674627855268,20.021517,2.2381382,0.7656050246147894
3403817863333655040,83.55175659792361,21.988509915642,17.026453,1.4168301,0.6828814313327612
3403817867628279680,83.54947027152126,21.989253403753388,20.23896,1.8587685,1.041507871578354
3403817867628285952,83.54441081620139,21.98232862449789,20.551006,1.3291798,0.31531501080805513
3403817867629940480,83.55144505610102,21.991352400985587,15.566098,0.9931965,0.39479646889115044
3403817897691253248,83.55720637383278,21.992001838844665,19.638933,1.6779499,0.5344266893849581
3403817897691254784,83.55374576439405,21.993704167372837,18.909994,1.5172672,0.3077637486893509
3403817897691257728,83.55869011256593,22.00033468979529,17.87483,1.8525829,0.12000038086428333
3403817901989674752,83.56686371171476,21.99238856710146,15.5859585,1.1652193,0.5515053501802879
3403817932050993536,83.5855266237715,21.995210715368103,20.114475,2.5935001,1.3397952599101584
3403817932050994944,83.57892608722305,21.998101217771506,18.95198,1.3810577,0.48646716059902245
3403817932051940096,83.59110418705302,21.997301607918036,19.007286,1.8684807,0.35341722477477605
3403817932051940224,83.58948798938391,21.996197439884,18.597921,1.449379,0.6564106093990905
3403817936347737088,83.58639445672058,21.99259745816913,20.174572,1.5035744,1.037703487233716
3403817936349408000,83.58780251600116,21.99277764450909,14.179403,0.80850697,0.37353110075343043
3403817936349410688,83.57800182538108,21.99326383983677,17.145315,1.4628868,0.5849939833995637
3403817936349410944,83.58103689848393,21.990472375543177,18.223349,1.2837715,0.23958438519875594
3403817936350651136,83.58547485087381,21.98682311520493,20.371756,1.4817638,0.12566989395257472
3403818000770472704,83.56718756300985,22.000381370557736,18.453388,1.4670658,0.03241636482783117
3403818000770475776,83.57089619160405,22.00577859962696,18.57874,1.5243855,0.6394054040916811
3403818005068883456,83.5767742449195,22.00978801342966,15.026446,1.6282206,0.14666148356144362
3403818069493082112,83.6324322345365,21.99407426656096,17.781582,2.044466,2.5824230947543776
3403818103852842240,83.64541449080998,22.00387244542764,18.058128,1.4662952,0.6786262842467803
3403818108144984704,83.64395536444566,22.009110022705904,19.898008,2.0798073,0.19207299346962278
3403818108144985216,83.64414461999347,22.008250907367135,18.77007,1.4940434,0.6469577801387213
3403818108148088704,83.64296174787893,21.99935593278973,17.014786,1.3560791,0.4484274665961046
3403818108148091008,83.63742503449913,21.997614864009122,15.98465,1.3011627,0.5610253303883651
3403818138212571520,83.61359562322654,22.001432266507056,17.833368,1.2958927,0.5411545851132759
3403818138212571776,83.61649748933105,22.011550472010285,18.146473,1.2192059,0.18019189462865198
3403818138212572032,83.61763767736883,22.00853957227888,16.841722,1.2204838,0.37503496715687473
3403818142504739968,83.61433724268173,21.99898258868322,18.988337,1.3705597,0.1859679188986349
3403818142504740480,83.61200121173725,22.000201961061393,19.263113,1.4232254,0.7692209359257396
3403818172572311552,83.62389192135099,22.008789958188263,18.348902,1.039526,0.27297179279716755
3403818172572314496,83.63296313415506,22.01286257544558,18.522224,2.201744,1.1124183764777298
3403818172572314624,83.63305926163925,22.014497367986387,16.530077,1.0847101,0.5110426215408798
3403818172572315136,83.63379720510918,22.011502965868782,16.94664,1.3744164,0.42808979193953467
3403818176864467200,83.6235784307461,22.013959055073048,19.844278,1.4198227,0.2846440779323186
3403818176864468224,83.62803316247636,22.00925401630669,19.332144,1.093111,0.39033985718032127
3403818176867563264,83.63410759604245,22.015533909911742,15.615919,1.1871653,0.03328149762588889
3403818206932056704,83.64232366643529,22.016559750105287,19.669111,1.8360214,2.860640777701983
3403818211224195200,83.65002045687721,22.013306894779408,18.762142,1.3685818,0.32620017213152325
3403818211227297920,83.65925388660172,22.013525496726466,15.203024,1.8312693,0.2518586228081379
3403818211227298560,83.65302552867244,22.013047831647338,17.531,1.4516602,0.5951063463335434
3403818211227300224,83.6484428034099,22.01032555995131,15.098968,1.2811842,0.5341175024759452
3403818241291796992,83.6560557187324,22.029703269706577,18.949123,1.1263237,0.36078122773901095
3403818241291797376,83.65665427219137,22.022832363781756,16.850872,1.4484348,0.6752330635591199
3403818241291797632,83.65858078824029,22.02970513509614,18.61653,1.7141438,0.6679043935158058
3403818241291798016,83.66090025191188,22.030448476807717,15.28174,0.6728678,0.15386797708130842
3403818241291798912,83.66676612577938,22.022464549564265,18.268908,1.1332054,0.2851886535606861
3403818245583918464,83.66454067944345,22.025526237973892,19.634287,2.068987,0.688247705883434
3403818245587033344,83.66351902055767,22.018275812961384,15.976279,1.7041712,0.058062223338869026
3403818275651529472,83.63284318511974,22.0211559525798,17.147718,1.2526169,0.46175598054565
3403818275651529856,83.63322289089727,22.027465485519553,19.475725,1.7987728,1.0612163549009392
3403818275651532800,83.63927173930551,22.016225394861394,16.249004,1.3336897,0.6776832619472173
3403818310011271680,83.64156494525831,22.035795064232452,17.654867,1.2484798,0.17797577434996303
3403818310011273088,83.6513648473817,22.025980748009744,19.137882,1.2334595,0.5551336070388329
3403818314303401344,83.65093108879182,22.02841556675927,20.058262,1.9833412,0.7097841574903593
3403818314306506240,83.65770868969679,22.035550354175484,16.585464,2.6613522,3.5471794741595764
3403818314306507648,83.65038148635027,22.035295540414968,16.996122,1.573637,0.6720853834684938
3403818314306510848,83.64306878849608,22.03371324808822,13.981625,1.0879574,1.7793738049994385
3403818344370998528,83.60193937482394,22.00784540349037,18.72441,1.6508064,0.37549544047690875
3403818344370999936,83.60314154327001,22.007939710766806,18.826931,1.6604023,0.7024398441471974
3403818344371001344,83.6099519330557,22.020172018200174,18.08345,2.307701,4.993596977127726
3403818348663166080,83.60387315223811,22.019012974825454,19.560158,1.3253498,0.5767501470288452
3403818348666260608,83.61297485653773,22.01323864300031,13.972327,1.650404,0.3558951064476044
3403818378730741120,83.62013261865015,22.024088122994844,19.515593,1.8354282,1.6862511627950514
3403818378730741376,83.6210399124917,22.030434149592832,16.840042,1.7022715,0.025293900855784285
3403818383025993984,83.61836805498196,22.027435421210242,15.941651,1.6960077,0.11729606417027855
3403818413090476544,83.60043592409859,22.021143291673425,18.499144,1.9696388,1.2811326832220369
3403818417382642304,83.59461509249874,22.026959565500214,19.304281,1.9229565,0.4061908919071827
3403818417382643328,83.59357377596002,22.026554965745365,19.409805,2.326233,0.41246220001461475
3403818417382645504,83.58855584755315,22.02457132456113,18.165697,1.2116184,0.5461170940844449
3403818417385737216,83.59787018760368,22.026449682019877,15.738302,1.2917023,0.5976301564024659
3403818451742369536,83.60730948488772,22.037709650052562,18.609028,1.1683636,0.08328573118958787
3403818451745469824,83.60904609795234,22.039238149832006,14.7005825,1.0029488,0.7572850896108835
3403818451745471232,83.60532285553133,22.037198982953946,18.339943,1.7682648,0.39568673118668174
3403818481809958016,83.6285278007104,22.042018521293745,18.820032,1.4678192,1.3488095403327862
3403818486105204992,83.63042940173106,22.037450327854625,16.839888,1.2164593,0.16598316315096787
3403818486105206400,83.62425542760883,22.03218881028813,15.861084,1.2450352,0.4919045269297574
3403818516167495296,83.63931027586968,22.053072653410748,17.873589,1.5962353,0.4857386132035172
3403818516169697664,83.63216462459508,22.045876812290587,17.351715,1.2910442,0.2686163382544283
3403818516169701248,83.63928717532644,22.047253119932456,20.42276,1.7386189,3.1079543085662724
3403818516172357632,83.64580406250678,22.043734234524017,19.413485,1.3219643,0.15872720029813547
3403818520464937728,83.64015770279765,22.044215670875126,17.521343,1.3428879,0.36184747862703615
3403818520464938880,83.63935683832307,22.041608060083934,15.154215,0.715992,0.18800962414868214
3403818520464941184,83.63467920139702,22.040043871263418,17.69015,1.2445812,0.344323916189074
3403818550529432704,83.6196475773316,22.04951606397056,17.803476,1.2189407,0.27041448970694215
3403818554821572864,83.61754798151976,22.052311299492246,19.263224,1.3722115,0.16464778469905253
3403818554822189952,83.61447251686565,22.050068219897835,19.908154,1.4563789,0.0032122669086140088
3403818554822957696,83.61927398866132,22.05066779141689,20.24955,1.3965225,0.19644828393114755
3403818554822967552,83.6084467803265,22.043908495583402,20.402437,1.5748177,2.0565664489152464
3403818554822970880,83.61677655039965,22.035282853800243,20.281647,1.312439,1.6768262878766835
3403818554824682880,83.60900901481165,22.046632676403718,19.743286,1.3085823,0.4787767757924185
3403818554824683264,83.6073487295318,22.04545360615417,15.984324,1.3962917,0.3100424453296867
3403818584886971776,83.63534848685033,22.054174960766076,18.401564,1.186718,0.14378020202656006
3403818589181298176,83.62981209312763,22.06087258366948,19.691278,1.451786,0.5378909811411732
3403818589181920896,83.6294100387133,22.054529574604597,19.977009,1.2482224,0.44342591413831944
3403818589183406336,83.6269855862344,22.055961542605715,20.001066,1.7220383,0.4371264123039704
3403818589184411648,83.63451584699854,22.056525912268896,14.183288,1.1488819,1.770319561082131
3403818589184411904,83.63200771761223,22.058132002248907,13.889734,1.0043468,0.6026321673343438
3403818589184413312,83.62896841027371,22.057967945379524,17.236652,1.384121,0.46878558499688544
3403818619247901312,83.53997004950722,21.993373708631466,18.917236,1.8214417,0.7096298050719404
3403818619247903360,83.53505275423227,21.99369570840623,17.064558,1.2408524,0.1580699266518501
3403818619247921152,83.54225349395487,21.99725600937101,18.582111,1.4036694,0.11769614888429365
3403818623544184064,83.54185267303242,22.001350391569233,12.319257,1.7849026,0.7651666007030832
3403818623544495744,83.54246278230615,21.98892584048498,17.111698,1.4184933,0.6140593315602532
3403818653605503232,83.55207294044706,22.003534853461815,19.21005,1.5825825,0.14689242130593375
3403818653605503488,83.55791088820992,22.0044968445395,19.149296,2.5523071,1.00834614485312
3403818657902252800,83.54901399215184,22.001800308319805,20.359314,1.1804848,0.10817654465852479
3403818657903917696,83.55569113089925,22.007797448755383,18.381067,2.147419,1.2521701724198584
3403818687967392128,83.52796235393728,22.00062354439633,19.116585,1.887125,0.24225692927901557
3403818692261994880,83.529237324271,22.009495858188437,20.230816,1.4343395,0.2502995520262544
3403818692263662080,83.53001779836853,22.0081124212813,13.372799,1.1198387,1.7877056244009235
3403818722327163264,83.5367653434406,22.02007492195681,19.501675,1.5758667,0.9966128716353075
3403818726623395456,83.54605248470338,22.010389159643406,19.368998,1.2632656,0.28463353394622665
3403818756684723840,83.56304997577746,22.014429416932064,18.518816,2.4393787,1.8006280029610628
3403818760981453440,83.56715556026752,22.01172196895948,20.739769,1.637083,1.9710327324999997
3403818760983129344,83.5592781345172,22.01433773833108,19.495611,2.2184067,1.2807386117964676
3403818760983438080,83.56793121265544,22.017215783772123,16.678726,1.3785458,0.6686169886787392
3403818760983440256,83.56212396671427,22.01291298432828,19.197968,1.3595047,0.7877789030933576
3403818791044467712,83.57875439023702,22.021701433102425,17.990622,1.4618454,0.3552118659371989
3403818791044468992,83.56929517765339,22.023262120222856,19.26123,1.3300724,0.6947900266908882
3403818791045270272,83.5820176564054,22.024431002289457,18.167446,1.4479523,0.16770640614190327
3403818791045400704,83.58101209925789,22.026844187783137,19.732687,1.5585556,0.034283668092272124
3403818825404206464,83.55862968761234,22.022148436023727,18.620035,1.6520691,0.08847539069406457
3403818825404209152,83.55692268103161,22.02726200997283,18.50055,1.4937057,0.36956009421846736
3403818825406854656,83.5493841986386,22.017823778574698,20.127935,1.3686466,2.6097293089737597
3403818829699517440,83.55482551030957,22.021912935865018,18.707468,1.2028847,0.7628933316217673
3403818829702607360,83.5512054852068,22.017716436673066,17.530394,1.1876144,0.2636322405449668
3403818829702608000,83.5457927810629,22.02064212684064,18.336267,1.3380985,0.21082616553362316
3403818859763956864,83.55829352872652,22.038653711055694,19.414873,2.7067814,1.3594254452238053
3403818864059245184,83.56598825980731,22.04000800172565,19.983494,1.6847019,1.064716546588588
3403818864060644224,83.56324985190558,22.042956308502706,20.556084,1.0777092,0.5223418178179884
3403818864062339712,83.566854522121,22.03573593332487,14.581151,1.1336555,0.4103908161490445
3403818898422090624,83.5278560077353,22.013946537384175,15.103582,0.79464626,0.128428481592785
3403818928485600512,83.53141286015864,22.023773084440677,18.113142,1.1003304,0.28176924714811796
3403818928485619712,83.52848137865028,22.033460879162295,18.67876,1.408968,0.09784964479128895
3403818932780148864,83.52865009889595,22.03091925490185,20.63727,2.0316086,1.5802372893755685
3403818932781824896,83.52735995334561,22.031120474447395,19.761597,1.7741737,0.1816242658757183
3403819031564828160,83.54488547773408,22.0302645042708,20.127113,1.8787975,0.6614553071926763
3403819031564836224,83.53202462449548,22.034568723482845,16.793201,1.3126812,0.2561814720799921
3403819035861570944,83.54607287727654,22.031078702017474,20.344038,1.6500111,0.3470752330624278
3403819070219075072,83.55008559880241,22.049840925488592,20.673054,1.4298515,0.3383745868610841
3403819070220769152,83.54982699967005,22.053356940182415,16.957924,1.3074608,0.3733725591226019
3403819070220769792,83.55221147668887,22.04855906759075,16.248985,1.298274,0.48455332148750485
3403819070220771328,83.54481826536104,22.04498989267393,13.080374,1.0066242,1.414395095650272
3403819104577424640,83.53088962228861,22.040656791067846,19.916147,1.725111,0.3772218934562875
3403819134641877632,83.54828015380576,22.05628649399288,18.328667,1.463934,0.3606521822494736
3403819134644084736,83.53697309091075,22.053015555835312,19.85671,1.9963093,0.7378989287863639
3403819134644091648,83.53577863431482,22.057359023839666,19.965527,1.5219669,0.6519655852836126
3403819169004720000,83.58512865530543,22.040114513202607,17.819996,1.1496563,0.13506515852064838
3403819173299982080,83.58996443137887,22.030637154485525,16.99324,1.2016659,0.17171776535635042
3403819173299983744,83.58286965618724,22.02750596497281,18.029757,2.0164433,0.6694327906313255
3403819173300290304,83.5859049185978,22.035316446904638,20.05922,2.4202843,4.3598266462844615
3403819207660899456,83.59157585950433,22.040285108754226,14.222251,1.1986418,0.6901804389746645
3403819237721078016,83.57609390476576,22.03736148992939,19.247143,2.654644,0.7024506799647621
3403819237721082752,83.5794601090202,22.043930014460773,19.957495,1.3766708,0.7044386835489661
3403819237721086208,83.57045163746447,22.04561721926626,18.412235,1.4667339,0.48563353211363836
3403819242016359040,83.57862541352773,22.049284078742975,19.916012,2.0534916,0.19495490554774125
3403819242017758080,83.56723223198775,22.047635936110478,20.715227,0.8189907,0.3269894035478843
3403819242019458304,83.57067352772393,22.048401483411876,15.084961,1.1738129,0.9613921385386013
3403819242019459072,83.56580338791531,22.046736683541926,15.647054,1.7548027,2.5134996835302963
3403819242019460608,83.56847381401614,22.039117594679862,16.30905,1.6198502,0.9614688038457295
3403819242020000128,83.57107151875364,22.038941158412165,20.604149,1.9855232,1.2053111893190418
3403819272080826752,83.57873397954775,22.050595379130193,19.000128,1.6360111,0.2570983666043957
3403819272084461952,83.59030653997486,22.053159001163074,19.398865,1.34762,0.3444485134426365
3403819276376093568,83.58561579369436,22.047318743886358,20.047268,1.9481087,0.10539536736636201
3403819276379190272,83.59168501451043,22.054697140826942,19.223139,2.9006844,1.8141960968232766
3403819276379190912,83.58675990808848,22.05586965036929,19.064203,1.813858,0.9182200027698242
3403819276379192960,83.57900744892224,22.05449600020684,14.495348,0.9300184,0.3744105734015141
3403819306443675008,83.60828052080828,22.061019201362075,17.913828,1.4350834,0.27996210815878564
3403819310735816832,83.61491917866127,22.054552854025104,19.081581,1.2128944,0.29902090598323117
3403819310737205376,83.59943179322791,22.058255291851385,20.09073,1.4277077,0.9446981842873117
3403819310738297088,83.59990657267791,22.05239644852139,19.661789,1.9605389,0.3406483652522374
3403819340800323456,83.61685917815926,22.07009893439011,19.406282,1.8487778,0.5868302448293871
3403819340801207424,83.62260830716625,22.06051836650554,18.971575,2.1133595,0.5530351904693435
3403819345095551744,83.61502709683364,22.0596291125008,19.666428,1.4139099,0.3806497342592885
3403819345096162688,83.62063307361282,22.06522041142285,20.256355,1.7584591,1.207692733557638
3403819345098655872,83.62428735113564,22.064795158744555,16.531672,1.3633938,0.7329208431002624
3403819375160055040,83.58776885506349,22.06442539210716,20.270489,1.5402756,1.1013106474199872
3403819375160055936,83.58505236477714,22.065134503549498,20.125101,1.4917908,1.7254757794470874
3403819379456683136,83.59286885995051,22.061273401387467,20.47598,2.2733269,2.1984619341158176
3403819379457774336,83.5930554109499,22.060530271461076,19.94524,1.3428841,0.3371479103408263
3403819409519807232,83.61310837304919,22.07508951842222,18.31818,1.463522,0.11039600271706707
3403819409519809664,83.60694913426505,22.076946359351446,18.435818,1.2955837,0.1724046611322044
3403819409519811456,83.6113091944281,22.0786598422412,18.970545,2.3813477,1.1065756225456955
3403819413816400000,83.61144572074286,22.07742549721874,20.602938,1.132288,0.44373509489730395
3403819413818134272,83.61199793075329,22.071843802964974,15.993539,1.5858831,0.41796002403779275
3403819413818135168,83.6078236294489,22.071358984687084,15.558057,1.7211285,0.171830288636787
3403819413818136064,83.6001663149072,22.076145236070225,14.554976,1.0628386,1.0777633898778645
3403819413818138368,83.59692809747088,22.07296262188348,14.585293,1.3779049,2.3932643269554483
3403819443879521664,83.55681982795888,22.054507347450624,18.346807,1.6774731,0.4763192632475147
3403819443879524736,83.55628849745226,22.05853778761714,20.65458,2.6562977,2.8087209221275176
3403819448177890304,83.55771380119633,22.050760457471352,15.54251,1.0095778,0.2094968202875924
3403819448178430080,83.56205123020504,22.048760243203805,17.103888,1.6321163,1.3070248603848482
3403819448178971136,83.56351693282157,22.051780146058803,17.16294,1.4463749,0.5320014055355873
3403819478239263744,83.57644352253905,22.058316155758707,17.735949,2.0150108,1.2445924732713556
3403819478239264256,83.57184312585605,22.058308015427347,16.681797,1.180356,0.2431419888572122
3403819478242365184,83.57061914556657,22.05889098555922,18.499508,1.5194035,0.20472228295442074
3403819482537620352,83.57555448154899,22.068263230468457,15.2083845,1.238594,0.38632766979922634
3403819482537623040,83.57135639882743,22.061473132312088,17.14703,1.5249805,0.6667320406842767
3403819516897366272,83.55173847461832,22.057391423830044,19.574795,1.5851097,0.8451865217844496
3403819516897367168,83.54100549577682,22.064589267531417,19.724684,1.351181,0.7446802509846865
3403819546958749696,83.56281067182265,22.06695120362511,19.428158,1.8021107,1.1417943426274806
3403819546958758400,83.57069379745244,22.074271143566833,19.388739,2.3055172,0.24013350500478553
3403819546958759936,83.56559910918759,22.074908017032143,17.904024,1.4773617,0.4360956002114901
3403819546958763264,83.56549875876273,22.07712783757971,19.534128,1.6519775,0.9962745010281056
3403819551253996928,83.5634992896691,22.075286140184804,20.103003,2.3771343,1.4350105694504012
3403819551257098624,83.55632709346747,22.079065544332366,15.627229,1.4581213,0.3722995800477736
3403819581318499968,83.57833382144274,22.076256690976862,18.39306,1.7593021,0.6658702668263696
3403819581318503936,83.58691344652546,22.0791188830197,16.77559,1.3601227,0.39688290018420924
3403819585616833152,83.58354687937859,22.07235042714662,17.743395,1.3307648,0.10534445278880561
3403819615678238592,83.59558192411188,22.07639930435588,18.907675,1.4145966,0.9191709723055609
3403819615678247040,83.59022152232212,22.08247378546168,16.79933,1.3806782,0.47894163703090276
3403819615678250240,83.59061690591095,22.086110950854625,19.684105,1.9078941,0.6085724255087033
3403819615678256512,83.59069065181734,22.090425546317086,19.176338,1.5798149,0.27614537111237375
3403819615678259840,83.59654604635979,22.092330466183395,19.048414,1.5463982,0.22022121077634732
3403819619976566528,83.59319726889821,22.0812588145343,17.082947,1.5278759,0.6514001703857248
3403819650037865600,83.56584364952123,22.08636806811259,14.629666,0.9677057,0.6520243092958842
3403819650037981952,83.579078847253,22.080383284214957,18.30851,1.3776016,0.7025496927139052
3403819650037986048,83.58241825789271,22.08361798978405,20.220537,1.7561054,1.5406931452802715
3403819650037989120,83.57400127629003,22.085291075062738,15.142,1.0138254,0.5227544842975672
3403819654334582784,83.57775924548407,22.080495583690453,20.44933,1.596178,0.26505029141133934
3403819684397731712,83.58287217165406,22.088769194114253,19.087385,1.6022892,0.0871530496617974
3403819684397739264,83.59132854240906,22.094168768202962,19.212692,1.4608059,0.3956208562658656
3403819684397740032,83.57538027297325,22.094788928850633,20.152988,1.3193951,0.18259996089313685
3403819688696038528,83.5901626091905,22.098839240898695,14.241469,0.9226799,0.5890208925857147
3403822506191492096,83.56073615783285,22.085316109035723,19.026253,3.0625362,1.5881984933182358
3403822506194600064,83.55023961917568,22.076717105099476,17.443592,1.4941921,0.14997176077486196
3403822604976232320,83.56086692140401,22.08664369236868,20.393953,1.5549908,0.552560412987686
3403822609273809408,83.56625035988111,22.08998771992802,15.74298,1.2396631,0.8277228187223769
3403822609273809792,83.5615300028876,22.08932791021109,11.045351,1.5242558,17.2845196331272
3403841713286601728,83.6673761496697,22.039635809331752,20.634449,1.0670586,1.884041870948987
3403841747644950144,83.67451296899517,22.043709853882536,18.989826,2.0381718,0.3715391947837292
3403841747648059904,83.68377593138324,22.052501195123284,16.989386,0.922802,0.17263575978979298
3403841747648061056,83.68731637756466,22.044532874766364,18.858109,1.3678207,0.265945701717466
3403841747648061824,83.68483967324418,22.04423899066641,19.46082,1.4718647,1.078568767471401
3403841747648063872,83.68012013785408,22.043002121688954,17.265783,2.2607746,2.22791362585024
3403841747648065536,83.67386598055546,22.044089335129552,17.575369,1.5570698,0.39582509055828674
3403841747649166848,83.68242286363875,22.049525004247524,16.717915,1.5991926,0.16576321628364044
3403841782007808768,83.66330531642856,22.04053055625378,17.974655,1.4535522,0.3909704332536681
3403841846428933248,83.69528399194887,22.049559280858272,19.110447,2.682003,1.332267185367228
3403841846428939648,83.70201743701858,22.056834989808358,19.445946,2.0723667,0.026193680063557517
3403841846428942976,83.68810642618448,22.059162860770126,15.059537,1.0391159,0.4606489407255944
3403841850727269888,83.69684762077456,22.061153895430277,14.551144,1.3292847,2.2793440596397425
3403841880788681728,83.70737433117215,22.060245357008235,17.635656,1.7729721,1.0239935036480756
3403841880788682496,83.701433831672,22.061387689063764,18.805359,2.6293182,1.6996244322474954
3403841885087005696,83.70139098787602,22.06784381694248,19.421062,1.3840656,0.21776816195809967
3403841885087006976,83.7049577240374,22.059863787237692,15.85877,1.2615776,0.34323238243802534
3403841885087007744,83.69653152460648,22.062737709779043,16.67731,2.064705,2.440570609634603
3403841915148414720,83.68345254249573,22.055226054345347,18.965595,1.5545998,0.8084745263586197
3403841915148421888,83.67697812008846,22.062647046855982,19.181747,2.4753036,0.9467860876249791
3403841949508172928,83.6875709378497,22.07291851190282,18.827368,1.247572,0.03841819350456983
3403841949508174208,83.68454916664761,22.073493000847417,16.47668,1.2877836,0.571357031217291
3403841949508174592,83.69169315500552,22.07393064574078,16.52068,1.013505,0.371306637182499
3403841953806479744,83.70217499614158,22.076615408212938,18.98733,1.3104267,0.2727605711386347
3403841953806480256,83.6959852631539,22.07976974614669,17.678349,1.3524914,0.2993172058365186
3403841953806481152,83.69098081386947,22.08125480212934,17.156826,1.2510166,0.20287305169291756
3403841953806482560,83.69587078021404,22.07236492297183,20.133001,1.4436855,0.5438008012076496
3403841983867892224,83.65885436532658,22.05596237693046,18.869135,1.4837132,0.4876139061014577
3403841988166235520,83.65473732788895,22.056296147535598,15.687346,1.34379,1.0864084176772506
3403842018227638016,83.65296593513125,22.063550278226707,18.452185,1.4448929,0.30283624598994174
3403842022525967872,83.66487261735885,22.063622792250477,18.009878,1.5041809,0.752387672581696
3403842022525969280,83.66139408513605,22.061951385892144,15.993244,1.4221354,1.3627045267601061
3403842022525971712,83.65407000578223,22.062011375361557,17.305052,1.4156551,0.5536817585048384
3403842022525971840,83.65256924205013,22.062964851611337,19.75706,1.5077534,0.5399778362236253
3403842052587379456,83.62942699284831,22.065135240877137,17.682566,1.4598141,0.48823218831413673
3403842052587383552,83.63536652958496,22.06836651138,17.815197,1.3752308,0.18972331443394858
3403842056884701056,83.64057591641199,22.070732450678104,20.038836,1.759737,1.6051217427427344
3403842056885710464,83.64145291025451,22.071632840274198,16.4354,1.5110254,0.32834717864706975
3403842056885710976,83.64071546819453,22.071780323315224,13.546792,0.7100048,0.8764937213223699
3403842086947123584,83.64642073105621,22.069965533318484,18.130316,1.6845398,0.2618607386874331
3403842086947128320,83.64754457417774,22.07471463074697,18.651169,2.8883266,2.261868658308331
3403842086947886848,83.6493744700873,22.078722574441677,18.49065,1.2294331,0.3363781429218371
3403842091242324864,83.65799406147056,22.075951700542806,19.861588,1.8437119,2.153064846852551
3403842091245446784,83.65160030609577,22.068844427519757,14.06382,0.9473038,0.8417655024488091
3403842091246748160,83.64202595950681,22.07508328981423,20.682894,1.7508545,4.31992774304367
3403842121306871552,83.67289990970798,22.077433570019153,19.262539,1.5349159,0.1791304491301608
3403842121306873984,83.66688908091491,22.079402622954102,18.008617,1.2436028,0.2574310803404532
3403842121306874752,83.67138237140014,22.080388096659803,17.817286,1.3115425,0.1991828404144114
3403842125605176960,83.681291691493,22.073719309782895,19.598125,1.3410397,0.1760486651960632
3403842125605179520,83.66428688787981,22.075703401898753,16.32841,1.5669279,0.4641720103084106
3403842155666613888,83.6851782961255,22.08086474353532,17.225578,1.3753033,0.28654758836997485
3403842155666619008,83.67696271370833,22.085085614983345,20.109447,2.1963406,1.406606015303946
3403842155666621824,83.67929298309781,22.08690741050721,19.88061,1.7943287,0.9621665175679028
3403842155666631552,83.68288277512774,22.09344369603608,17.540134,1.3191395,0.25112770571344095
3403842159961788928,83.67878659942045,22.089402529496255,19.93533,1.7409363,0.40122072324601643
3403842159961791744,83.67400118831915,22.086440444314817,19.936909,1.1231327,0.49237465191366475
3403842159961792896,83.67725196756017,22.081657804093183,20.001163,1.8780537,0.8774859194725407
3403842159963161472,83.68506228240355,22.084377710380977,20.39655,1.7369175,0.8666453518340784
3403842159963165184,83.68582933195353,22.07935261853626,20.594795,1.1661911,0.41583393748563063
3403842190026352768,83.6618271021998,22.08139753049367,19.253962,3.0320377,1.6430210247154977
3403842190026354688,83.66317420154323,22.08289781680539,17.776503,1.341919,0.12887620397913646
3403842190026355200,83.65301995998097,22.083415670812748,18.91409,1.8734989,0.32135379564536454
3403842190026362368,83.66279370476876,22.088585039612,19.007767,2.0631485,0.9632665663818802
3403842194321538048,83.65288718951092,22.086865302371727,20.178183,1.787672,1.0113640281412632
3403842194324656128,83.6612550688827,22.078599844326806,16.203922,1.2744856,0.6519715327558548
3403842194324965888,83.65881743114771,22.090795910663463,15.454733,1.2594624,0.7948423158051745
3403842224389947648,83.66957026021043,22.09302752544413,19.8306,1.7171116,0.14945383685702524
3403842224389971328,83.6761794479053,22.0948813992295,19.520575,1.342947,0.6008624686469114
3403842224389974912,83.67677692966721,22.093404794641202,18.72471,1.6664219,0.5365312706516749
3403842228684387328,83.67829098122712,22.094374252691708,16.045662,1.2173386,0.4017165046934617
3403842228684390144,83.67339503495157,22.087217375453555,15.884373,0.92794037,0.3047338729297106
3403842258745816576,83.7215122201543,22.07113725902075,17.822752,1.426508,0.014181813118391687
3403842263042368768,83.71809693173401,22.074886160997337,20.504705,1.5527287,0.10031891545916574
3403842263044121472,83.71644306280703,22.07603084258513,16.878958,1.1177177,0.06023452261349668
3403842263044124672,83.71104872222544,22.069956737096135,18.197477,1.1984558,0.1703501154586553
3403842327465310720,83.70734042019296,22.084750855808,19.464588,1.8024025,0.30816933432442517
3403842331760470656,83.7091220913246,22.083911982287823,19.864325,1.4908161,1.6955439822020406
3403842331763598848,83.70772383753757,22.080407419735145,16.74069,1.4256258,1.0531313402894138
3403842533623753472,83.68835582130039,22.09396445790348,19.678373,1.9055195,0.903603591585629
3403842533624486144,83.69243842386827,22.097351764942562,17.605011,1.3382015,0.4257028993560598
3403842537922027904,83.69329329060653,22.095977592673417,16.098785,1.3840532,0.7949557034080239
3403842602343239040,83.67703800251302,22.10067793130472,19.238363,1.5696983,0.39279872307592284
3403842808501629952,83.62939357630756,22.071325110107274,18.944376,1.7449074,0.19869809072191602
3403842808501633024,83.62445232340835,22.073632980729606,19.128086,1.6790028,0.5408425896346061
3403842808501634944,83.62311187963877,22.074955308130857,18.892456,1.3688126,0.45767402778446703
3403842808501638784,83.6303356971025,22.07724106590781,17.775352,1.243103,0.14392192394502992
3403842808502493824,83.62971134290346,22.074973578879494,20.36206,1.9027882,0.8484512997001197
3403842812797460992,83.62801794483757,22.075614981436,20.19624,1.5844555,0.5458960519285687
3403842812799958528,83.62271345662008,22.07808015150455,17.571522,1.3207512,0.2510271055296419
3403842842861382528,83.64558911228089,22.081604617199833,18.151676,1.1762695,0.4759467308099579
3403842842861384704,83.63967033793492,22.083745406694856,19.514387,1.3678455,1.4273065248434975
3403842842861391616,83.63995295578505,22.088948329012595,19.760485,1.5845032,0.7203258405273656
3403842847157956608,83.63652009741203,22.079226367017547,20.174545,1.3603973,0.9522213286243125
3403842847159691136,83.63534132980564,22.08224436637752,17.742565,1.2270794,0.4666403706672713
3403842847159691392,83.63782879702981,22.079209728923686,17.341618,1.2011738,0.21117249318589698
3403842877221128320,83.6208788527863,22.087449942844895,18.74057,1.6050072,0.45203695962203244
3403842877221129088,83.61171129187686,22.088828781071435,20.162254,1.6555214,0.40400512734001087
3403842877221132800,83.62018803140886,22.090770746973433,18.476921,1.8835258,0.5076830291475591
3403842877221134592,83.61450000943383,22.091695264977957,17.59614,1.404995,0.5945954907049152
3403842881520533888,83.6215121049664,22.083377210715923,18.05153,2.2637634,1.3945884707497584
3403842911580882944,83.62644874474839,22.099169323346352,18.60543,1.5431614,0.26845061899786843
3403842915879164544,83.62998068833599,22.097116067054323,17.088343,1.4582634,0.7518676249497986
3403842945940604416,83.64843184258974,22.08675946301519,18.157736,1.265585,0.2336387727441615
3403842945940606592,83.6464571459653,22.08850836497199,18.891476,1.4133244,0.2633087060076344
3403842945940614144,83.64379276824579,22.09421777458365,19.922758,1.6495457,1.230692679040044
3403842950236393728,83.6458201626686,22.099694394932797,19.326649,1.197588,0.49427771707653784
3403842950238899584,83.64873299339928,22.09336222279789,17.857874,1.6088467,0.6940391661541263
3403842950239210368,83.64605347280273,22.100554573969728,18.185444,1.1852989,0.2129687849314304
3403842980300356864,83.6628845414791,22.097033650427857,17.419651,2.671156,4.180242262303445
3403842980300366080,83.65886709140466,22.104298776476455,18.004622,1.4675999,0.10564754202209328
3403842984597613312,83.6620015931886,22.101127662640124,20.16426,1.4551125,0.48288419297983676
3403842984598631040,83.66624970972686,22.1054288349529,18.957136,1.2791672,0.4154238062563924
3403843014660108672,83.63607805632869,22.10766980899923,17.72566,1.4346848,0.1505292624323117
3403843014660109568,83.64088120112079,22.108296643789792,17.248735,1.3842525,0.5790596135460019
3403843014660115072,83.64065885591027,22.112827993701895,17.62438,1.2935352,0.31092537387577646
3403843014660953984,83.6341474497058,22.10525344543876,19.02001,1.8551483,1.0885614402088197
3403843018956630784,83.64461665361434,22.100109097799717,20.526337,1.1230583,0.363567965422413
3403843018958373760,83.63987710945733,22.111024225921657,17.625082,1.7042713,0.15095002953199596
3403843018958376448,83.63532381061196,22.104269266369972,16.978182,1.2974052,0.23934084739949454
3403843049019850624,83.64727553168726,22.110706615026498,18.65306,1.4311256,0.3105523501186971
3403843083379564416,83.60943563138478,22.09123298022864,16.132011,1.361414,0.8084388670607349
3403843083379568128,83.59777411703696,22.09450800033151,19.350431,1.7818336,0.5618491457155576
3403843083385294080,83.59864863149585,22.094826934220734,20.15672,1.5942459,0.3989010689607202
3403843087677862784,83.6117972792129,22.093640524843927,16.695604,1.3345776,0.8093529461654573
3403843117739314176,83.6163288815178,22.10070080503278,19.915396,1.3343887,0.36203763327248134
3403843117739316864,83.62278024155849,22.10230204594552,19.955282,2.2659702,1.9553386760601013
3403843122037593344,83.61822731209433,22.112180163093758,17.952765,1.5011082,0.36256563608866443
3403843122037593472,83.62358146338812,22.10718301008453,18.180489,1.6584206,0.3336312325065869
3403843152099059584,83.58921324307902,22.10551012603972,16.463676,1.3735094,0.23157394097635042
3403843156397342080,83.5912997481545,22.10459750792686,16.416307,1.5131092,1.0590687122461246
3403843156397343616,83.59202488114403,22.09820116962178,13.40986,0.6702318,0.7019612530086337
3403843220818544384,83.63136219999166,22.112502213209055,19.801384,2.1202698,0.42859435461113726
3403843362553995520,83.67021143823612,22.108266247946318,20.486889,1.8273716,0.680334620857998
